{
  "CodeKitInfo" : "This is a CodeKit project configuration file. It is designed to sync project settings across multiple machines. Modifying the contents of this file can be a poor life decision if you don't know what you're doing. This file is not useful unless accompanied by the project that created it in CodeKit. For more information, see: http:\/\/incident57.com\/codekit",
  "creatorBuild" : "8376",
  "files" : {
    "\/lib\/bootstrap\/js\/tests\/unit\/modal.js" : {
      "ignoreWasSetByUser" : 0,
      "ignore" : 0,
      "hidden" : 0,
      "outputPathIsSetByUser" : 0,
      "inputAbbreviatedPath" : "\/lib\/bootstrap\/js\/tests\/unit\/modal.js",
      "outputStyle" : 1,
      "syntaxCheckerStyle" : 1,
      "outputAbbreviatedPath" : "\/lib\/bootstrap\/js\/tests\/unit\/modal-ck.js",
      "fileType" : 64
    },
    "\/lib\/bootstrap\/examples\/screenshots\/navbar-fixed.jpg" : {
      "ignoreWasSetByUser" : 0,
      "ignore" : 0,
      "hidden" : 0,
      "outputPathIsSetByUser" : 0,
      "inputAbbreviatedPath" : "\/lib\/bootstrap\/examples\/screenshots\/navbar-fixed.jpg",
      "processed" : 0,
      "outputAbbreviatedPath" : "\/lib\/bootstrap\/examples\/screenshots\/navbar-fixed.jpg",
      "initialSize" : 38093,
      "fileType" : 4096
    },
    "\/lib\/bootstrap\/less\/dropdowns.less" : {
      "ieCompatibility" : 1,
      "inputAbbreviatedPath" : "\/lib\/bootstrap\/less\/dropdowns.less",
      "outputAbbreviatedPath" : "\/lib\/bootstrap\/css\/dropdowns.css",
      "outputPathIsSetByUser" : 0,
      "strictUnits" : 0,
      "relativeURLS" : 0,
      "ignore" : 1,
      "strictImports" : 0,
      "ignoreWasSetByUser" : 0,
      "shouldRunBless" : 0,
      "hidden" : 0,
      "strictMath" : 0,
      "outputStyle" : 0,
      "fileType" : 1,
      "debugStyle" : 0
    },
    "\/lib\/bootstrap\/css.html" : {
      "ignoreWasSetByUser" : 0,
      "ignore" : 0,
      "hidden" : 0,
      "outputPathIsSetByUser" : 0,
      "inputAbbreviatedPath" : "\/lib\/bootstrap\/css.html",
      "outputAbbreviatedPath" : "No Output Path",
      "fileType" : 2048
    },
    "\/lib\/bootstrap\/less\/alerts.less" : {
      "ieCompatibility" : 1,
      "inputAbbreviatedPath" : "\/lib\/bootstrap\/less\/alerts.less",
      "outputAbbreviatedPath" : "\/lib\/bootstrap\/css\/alerts.css",
      "outputPathIsSetByUser" : 0,
      "strictUnits" : 0,
      "relativeURLS" : 0,
      "ignore" : 1,
      "strictImports" : 0,
      "ignoreWasSetByUser" : 0,
      "shouldRunBless" : 0,
      "hidden" : 0,
      "strictMath" : 0,
      "outputStyle" : 0,
      "fileType" : 1,
      "debugStyle" : 0
    },
    "\/lib\/bootstrap\/less\/scaffolding.less" : {
      "ieCompatibility" : 1,
      "inputAbbreviatedPath" : "\/lib\/bootstrap\/less\/scaffolding.less",
      "outputAbbreviatedPath" : "\/lib\/bootstrap\/css\/scaffolding.css",
      "outputPathIsSetByUser" : 0,
      "strictUnits" : 0,
      "relativeURLS" : 0,
      "ignore" : 1,
      "strictImports" : 0,
      "ignoreWasSetByUser" : 0,
      "shouldRunBless" : 0,
      "hidden" : 0,
      "strictMath" : 0,
      "outputStyle" : 0,
      "fileType" : 1,
      "debugStyle" : 0
    },
    "\/lib\/bootstrap\/js\/carousel.js" : {
      "ignoreWasSetByUser" : 0,
      "ignore" : 0,
      "hidden" : 0,
      "outputPathIsSetByUser" : 0,
      "inputAbbreviatedPath" : "\/lib\/bootstrap\/js\/carousel.js",
      "outputStyle" : 1,
      "syntaxCheckerStyle" : 1,
      "outputAbbreviatedPath" : "\/lib\/bootstrap\/js\/carousel-ck.js",
      "fileType" : 64
    },
    "\/lib\/bootstrap\/examples\/screenshots\/theme.jpg" : {
      "ignoreWasSetByUser" : 0,
      "ignore" : 0,
      "hidden" : 0,
      "outputPathIsSetByUser" : 0,
      "inputAbbreviatedPath" : "\/lib\/bootstrap\/examples\/screenshots\/theme.jpg",
      "processed" : 0,
      "outputAbbreviatedPath" : "\/lib\/bootstrap\/examples\/screenshots\/theme.jpg",
      "initialSize" : 95407,
      "fileType" : 4096
    },
    "\/lib\/bootstrap\/less\/code.less" : {
      "ieCompatibility" : 1,
      "inputAbbreviatedPath" : "\/lib\/bootstrap\/less\/code.less",
      "outputAbbreviatedPath" : "\/lib\/bootstrap\/css\/code.css",
      "outputPathIsSetByUser" : 0,
      "strictUnits" : 0,
      "relativeURLS" : 0,
      "ignore" : 1,
      "strictImports" : 0,
      "ignoreWasSetByUser" : 0,
      "shouldRunBless" : 0,
      "hidden" : 0,
      "strictMath" : 0,
      "outputStyle" : 0,
      "fileType" : 1,
      "debugStyle" : 0
    },
    "\/lib\/bootstrap\/dist\/css\/bootstrap-theme.min.css" : {
      "ignoreWasSetByUser" : 0,
      "ignore" : 0,
      "hidden" : 0,
      "outputPathIsSetByUser" : 0,
      "inputAbbreviatedPath" : "\/lib\/bootstrap\/dist\/css\/bootstrap-theme.min.css",
      "outputAbbreviatedPath" : "No Output Path",
      "fileType" : 16
    },
    "\/lib\/bootstrap\/_includes\/nav-main.html" : {
      "ignoreWasSetByUser" : 0,
      "ignore" : 0,
      "hidden" : 0,
      "outputPathIsSetByUser" : 0,
      "inputAbbreviatedPath" : "\/lib\/bootstrap\/_includes\/nav-main.html",
      "outputAbbreviatedPath" : "No Output Path",
      "fileType" : 2048
    },
    "\/lib\/bootstrap\/js\/tests\/vendor\/qunit.css" : {
      "ignoreWasSetByUser" : 0,
      "ignore" : 0,
      "hidden" : 0,
      "outputPathIsSetByUser" : 0,
      "inputAbbreviatedPath" : "\/lib\/bootstrap\/js\/tests\/vendor\/qunit.css",
      "outputAbbreviatedPath" : "No Output Path",
      "fileType" : 16
    },
    "\/lib\/bootstrap\/examples\/signin\/signin.css" : {
      "ignoreWasSetByUser" : 0,
      "ignore" : 0,
      "hidden" : 0,
      "outputPathIsSetByUser" : 0,
      "inputAbbreviatedPath" : "\/lib\/bootstrap\/examples\/signin\/signin.css",
      "outputAbbreviatedPath" : "No Output Path",
      "fileType" : 16
    },
    "\/lib\/bootstrap\/docs-assets\/css\/pygments-manni.css" : {
      "ignoreWasSetByUser" : 0,
      "ignore" : 0,
      "hidden" : 0,
      "outputPathIsSetByUser" : 0,
      "inputAbbreviatedPath" : "\/lib\/bootstrap\/docs-assets\/css\/pygments-manni.css",
      "outputAbbreviatedPath" : "No Output Path",
      "fileType" : 16
    },
    "\/lib\/bootstrap\/examples\/signin\/index.html" : {
      "ignoreWasSetByUser" : 0,
      "ignore" : 0,
      "hidden" : 0,
      "outputPathIsSetByUser" : 0,
      "inputAbbreviatedPath" : "\/lib\/bootstrap\/examples\/signin\/index.html",
      "outputAbbreviatedPath" : "No Output Path",
      "fileType" : 2048
    },
    "\/lib\/bootstrap\/index.html" : {
      "ignoreWasSetByUser" : 0,
      "ignore" : 0,
      "hidden" : 0,
      "outputPathIsSetByUser" : 0,
      "inputAbbreviatedPath" : "\/lib\/bootstrap\/index.html",
      "outputAbbreviatedPath" : "No Output Path",
      "fileType" : 2048
    },
    "\/lib\/bootstrap\/js\/tooltip.js" : {
      "ignoreWasSetByUser" : 0,
      "ignore" : 0,
      "hidden" : 0,
      "outputPathIsSetByUser" : 0,
      "inputAbbreviatedPath" : "\/lib\/bootstrap\/js\/tooltip.js",
      "outputStyle" : 1,
      "syntaxCheckerStyle" : 1,
      "outputAbbreviatedPath" : "\/lib\/bootstrap\/js\/tooltip-ck.js",
      "fileType" : 64
    },
    "\/lib\/bootstrap\/less\/pagination.less" : {
      "ieCompatibility" : 1,
      "inputAbbreviatedPath" : "\/lib\/bootstrap\/less\/pagination.less",
      "outputAbbreviatedPath" : "\/lib\/bootstrap\/css\/pagination.css",
      "outputPathIsSetByUser" : 0,
      "strictUnits" : 0,
      "relativeURLS" : 0,
      "ignore" : 1,
      "strictImports" : 0,
      "ignoreWasSetByUser" : 0,
      "shouldRunBless" : 0,
      "hidden" : 0,
      "strictMath" : 0,
      "outputStyle" : 0,
      "fileType" : 1,
      "debugStyle" : 0
    },
    "\/lib\/bootstrap\/examples\/starter-template\/starter-template.css" : {
      "ignoreWasSetByUser" : 0,
      "ignore" : 0,
      "hidden" : 0,
      "outputPathIsSetByUser" : 0,
      "inputAbbreviatedPath" : "\/lib\/bootstrap\/examples\/starter-template\/starter-template.css",
      "outputAbbreviatedPath" : "No Output Path",
      "fileType" : 16
    },
    "\/lib\/bootstrap\/less\/pager.less" : {
      "ieCompatibility" : 1,
      "inputAbbreviatedPath" : "\/lib\/bootstrap\/less\/pager.less",
      "outputAbbreviatedPath" : "\/lib\/bootstrap\/css\/pager.css",
      "outputPathIsSetByUser" : 0,
      "strictUnits" : 0,
      "relativeURLS" : 0,
      "ignore" : 1,
      "strictImports" : 0,
      "ignoreWasSetByUser" : 0,
      "shouldRunBless" : 0,
      "hidden" : 0,
      "strictMath" : 0,
      "outputStyle" : 0,
      "fileType" : 1,
      "debugStyle" : 0
    },
    "\/lib\/bootstrap\/docs-assets\/js\/jszip.js" : {
      "ignoreWasSetByUser" : 0,
      "ignore" : 0,
      "hidden" : 0,
      "outputPathIsSetByUser" : 0,
      "inputAbbreviatedPath" : "\/lib\/bootstrap\/docs-assets\/js\/jszip.js",
      "outputStyle" : 1,
      "syntaxCheckerStyle" : 1,
      "outputAbbreviatedPath" : "\/lib\/bootstrap\/docs-assets\/js\/jszip-ck.js",
      "fileType" : 64
    },
    "\/lib\/bootstrap\/examples\/screenshots\/sticky-footer.jpg" : {
      "ignoreWasSetByUser" : 0,
      "ignore" : 0,
      "hidden" : 0,
      "outputPathIsSetByUser" : 0,
      "inputAbbreviatedPath" : "\/lib\/bootstrap\/examples\/screenshots\/sticky-footer.jpg",
      "processed" : 0,
      "outputAbbreviatedPath" : "\/lib\/bootstrap\/examples\/screenshots\/sticky-footer.jpg",
      "initialSize" : 25056,
      "fileType" : 4096
    },
    "\/lib\/bootstrap\/examples\/grid\/grid.css" : {
      "ignoreWasSetByUser" : 0,
      "ignore" : 0,
      "hidden" : 0,
      "outputPathIsSetByUser" : 0,
      "inputAbbreviatedPath" : "\/lib\/bootstrap\/examples\/grid\/grid.css",
      "outputAbbreviatedPath" : "No Output Path",
      "fileType" : 16
    },
    "\/less\/cn.less" : {
      "ieCompatibility" : 1,
      "inputAbbreviatedPath" : "\/less\/cn.less",
      "outputAbbreviatedPath" : "\/css\/cn.css",
      "outputPathIsSetByUser" : 0,
      "strictUnits" : 0,
      "relativeURLS" : 0,
      "ignore" : 0,
      "strictImports" : 0,
      "ignoreWasSetByUser" : 0,
      "shouldRunBless" : 0,
      "hidden" : 0,
      "strictMath" : 0,
      "outputStyle" : 0,
      "fileType" : 1,
      "debugStyle" : 0
    },
    "\/lib\/bootstrap\/examples\/screenshots\/non-responsive.jpg" : {
      "ignoreWasSetByUser" : 0,
      "ignore" : 0,
      "hidden" : 0,
      "outputPathIsSetByUser" : 0,
      "inputAbbreviatedPath" : "\/lib\/bootstrap\/examples\/screenshots\/non-responsive.jpg",
      "processed" : 0,
      "outputAbbreviatedPath" : "\/lib\/bootstrap\/examples\/screenshots\/non-responsive.jpg",
      "initialSize" : 61233,
      "fileType" : 4096
    },
    "\/lib\/bootstrap\/examples\/navbar\/index.html" : {
      "ignoreWasSetByUser" : 0,
      "ignore" : 0,
      "hidden" : 0,
      "outputPathIsSetByUser" : 0,
      "inputAbbreviatedPath" : "\/lib\/bootstrap\/examples\/navbar\/index.html",
      "outputAbbreviatedPath" : "No Output Path",
      "fileType" : 2048
    },
    "\/lib\/bootstrap\/less\/thumbnails.less" : {
      "ieCompatibility" : 1,
      "inputAbbreviatedPath" : "\/lib\/bootstrap\/less\/thumbnails.less",
      "outputAbbreviatedPath" : "\/lib\/bootstrap\/css\/thumbnails.css",
      "outputPathIsSetByUser" : 0,
      "strictUnits" : 0,
      "relativeURLS" : 0,
      "ignore" : 1,
      "strictImports" : 0,
      "ignoreWasSetByUser" : 0,
      "shouldRunBless" : 0,
      "hidden" : 0,
      "strictMath" : 0,
      "outputStyle" : 0,
      "fileType" : 1,
      "debugStyle" : 0
    },
    "\/lib\/bootstrap\/js\/tests\/index.html" : {
      "ignoreWasSetByUser" : 0,
      "ignore" : 0,
      "hidden" : 0,
      "outputPathIsSetByUser" : 0,
      "inputAbbreviatedPath" : "\/lib\/bootstrap\/js\/tests\/index.html",
      "outputAbbreviatedPath" : "No Output Path",
      "fileType" : 2048
    },
    "\/lib\/bootstrap\/less\/media.less" : {
      "ieCompatibility" : 1,
      "inputAbbreviatedPath" : "\/lib\/bootstrap\/less\/media.less",
      "outputAbbreviatedPath" : "\/lib\/bootstrap\/css\/media.css",
      "outputPathIsSetByUser" : 0,
      "strictUnits" : 0,
      "relativeURLS" : 0,
      "ignore" : 1,
      "strictImports" : 0,
      "ignoreWasSetByUser" : 0,
      "shouldRunBless" : 0,
      "hidden" : 0,
      "strictMath" : 0,
      "outputStyle" : 0,
      "fileType" : 1,
      "debugStyle" : 0
    },
    "\/lib\/bootstrap\/docs-assets\/js\/application.js" : {
      "ignoreWasSetByUser" : 0,
      "ignore" : 0,
      "hidden" : 0,
      "outputPathIsSetByUser" : 0,
      "inputAbbreviatedPath" : "\/lib\/bootstrap\/docs-assets\/js\/application.js",
      "outputStyle" : 1,
      "syntaxCheckerStyle" : 1,
      "outputAbbreviatedPath" : "\/lib\/bootstrap\/docs-assets\/js\/application-ck.js",
      "fileType" : 64
    },
    "\/lib\/bootstrap\/docs-assets\/js\/filesaver.js" : {
      "ignoreWasSetByUser" : 0,
      "ignore" : 0,
      "hidden" : 0,
      "outputPathIsSetByUser" : 0,
      "inputAbbreviatedPath" : "\/lib\/bootstrap\/docs-assets\/js\/filesaver.js",
      "outputStyle" : 1,
      "syntaxCheckerStyle" : 1,
      "outputAbbreviatedPath" : "\/lib\/bootstrap\/docs-assets\/js\/filesaver-ck.js",
      "fileType" : 64
    },
    "\/css\/cn.css" : {
      "ignoreWasSetByUser" : 0,
      "ignore" : 1,
      "hidden" : 0,
      "outputPathIsSetByUser" : 0,
      "inputAbbreviatedPath" : "\/css\/cn.css",
      "outputAbbreviatedPath" : "No Output Path",
      "fileType" : 16
    },
    "\/lib\/bootstrap\/getting-started.html" : {
      "ignoreWasSetByUser" : 0,
      "ignore" : 0,
      "hidden" : 0,
      "outputPathIsSetByUser" : 0,
      "inputAbbreviatedPath" : "\/lib\/bootstrap\/getting-started.html",
      "outputAbbreviatedPath" : "No Output Path",
      "fileType" : 2048
    },
    "\/lib\/bootstrap\/js\/alert.js" : {
      "ignoreWasSetByUser" : 0,
      "ignore" : 0,
      "hidden" : 0,
      "outputPathIsSetByUser" : 0,
      "inputAbbreviatedPath" : "\/lib\/bootstrap\/js\/alert.js",
      "outputStyle" : 1,
      "syntaxCheckerStyle" : 1,
      "outputAbbreviatedPath" : "\/lib\/bootstrap\/js\/alert-ck.js",
      "fileType" : 64
    },
    "\/lib\/bootstrap\/less\/close.less" : {
      "ieCompatibility" : 1,
      "inputAbbreviatedPath" : "\/lib\/bootstrap\/less\/close.less",
      "outputAbbreviatedPath" : "\/lib\/bootstrap\/css\/close.css",
      "outputPathIsSetByUser" : 0,
      "strictUnits" : 0,
      "relativeURLS" : 0,
      "ignore" : 1,
      "strictImports" : 0,
      "ignoreWasSetByUser" : 0,
      "shouldRunBless" : 0,
      "hidden" : 0,
      "strictMath" : 0,
      "outputStyle" : 0,
      "fileType" : 1,
      "debugStyle" : 0
    },
    "\/lib\/bootstrap\/less\/panels.less" : {
      "ieCompatibility" : 1,
      "inputAbbreviatedPath" : "\/lib\/bootstrap\/less\/panels.less",
      "outputAbbreviatedPath" : "\/lib\/bootstrap\/css\/panels.css",
      "outputPathIsSetByUser" : 0,
      "strictUnits" : 0,
      "relativeURLS" : 0,
      "ignore" : 1,
      "strictImports" : 0,
      "ignoreWasSetByUser" : 0,
      "shouldRunBless" : 0,
      "hidden" : 0,
      "strictMath" : 0,
      "outputStyle" : 0,
      "fileType" : 1,
      "debugStyle" : 0
    },
    "\/lib\/bootstrap\/less\/navs.less" : {
      "ieCompatibility" : 1,
      "inputAbbreviatedPath" : "\/lib\/bootstrap\/less\/navs.less",
      "outputAbbreviatedPath" : "\/lib\/bootstrap\/css\/navs.css",
      "outputPathIsSetByUser" : 0,
      "strictUnits" : 0,
      "relativeURLS" : 0,
      "ignore" : 1,
      "strictImports" : 0,
      "ignoreWasSetByUser" : 0,
      "shouldRunBless" : 0,
      "hidden" : 0,
      "strictMath" : 0,
      "outputStyle" : 0,
      "fileType" : 1,
      "debugStyle" : 0
    },
    "\/lib\/bootstrap\/examples\/offcanvas\/index.html" : {
      "ignoreWasSetByUser" : 0,
      "ignore" : 0,
      "hidden" : 0,
      "outputPathIsSetByUser" : 0,
      "inputAbbreviatedPath" : "\/lib\/bootstrap\/examples\/offcanvas\/index.html",
      "outputAbbreviatedPath" : "No Output Path",
      "fileType" : 2048
    },
    "\/lib\/bootstrap\/js\/tests\/unit\/alert.js" : {
      "ignoreWasSetByUser" : 0,
      "ignore" : 0,
      "hidden" : 0,
      "outputPathIsSetByUser" : 0,
      "inputAbbreviatedPath" : "\/lib\/bootstrap\/js\/tests\/unit\/alert.js",
      "outputStyle" : 1,
      "syntaxCheckerStyle" : 1,
      "outputAbbreviatedPath" : "\/lib\/bootstrap\/js\/tests\/unit\/alert-ck.js",
      "fileType" : 64
    },
    "\/lib\/bootstrap\/examples\/navbar-static-top\/navbar-static-top.css" : {
      "ignoreWasSetByUser" : 0,
      "ignore" : 0,
      "hidden" : 0,
      "outputPathIsSetByUser" : 0,
      "inputAbbreviatedPath" : "\/lib\/bootstrap\/examples\/navbar-static-top\/navbar-static-top.css",
      "outputAbbreviatedPath" : "No Output Path",
      "fileType" : 16
    },
    "\/lib\/bootstrap\/_layouts\/default.html" : {
      "ignoreWasSetByUser" : 0,
      "ignore" : 0,
      "hidden" : 0,
      "outputPathIsSetByUser" : 0,
      "inputAbbreviatedPath" : "\/lib\/bootstrap\/_layouts\/default.html",
      "outputAbbreviatedPath" : "No Output Path",
      "fileType" : 2048
    },
    "\/lib\/bootstrap\/dist\/css\/bootstrap-theme.css" : {
      "ignoreWasSetByUser" : 0,
      "ignore" : 0,
      "hidden" : 0,
      "outputPathIsSetByUser" : 0,
      "inputAbbreviatedPath" : "\/lib\/bootstrap\/dist\/css\/bootstrap-theme.css",
      "outputAbbreviatedPath" : "No Output Path",
      "fileType" : 16
    },
    "\/lib\/bootstrap\/js\/tests\/unit\/phantom.js" : {
      "ignoreWasSetByUser" : 0,
      "ignore" : 0,
      "hidden" : 0,
      "outputPathIsSetByUser" : 0,
      "inputAbbreviatedPath" : "\/lib\/bootstrap\/js\/tests\/unit\/phantom.js",
      "outputStyle" : 1,
      "syntaxCheckerStyle" : 1,
      "outputAbbreviatedPath" : "\/lib\/bootstrap\/js\/tests\/unit\/phantom-ck.js",
      "fileType" : 64
    },
    "\/lib\/bootstrap\/examples\/navbar-static-top\/index.html" : {
      "ignoreWasSetByUser" : 0,
      "ignore" : 0,
      "hidden" : 0,
      "outputPathIsSetByUser" : 0,
      "inputAbbreviatedPath" : "\/lib\/bootstrap\/examples\/navbar-static-top\/index.html",
      "outputAbbreviatedPath" : "No Output Path",
      "fileType" : 2048
    },
    "\/lib\/bootstrap\/examples\/screenshots\/navbar.jpg" : {
      "ignoreWasSetByUser" : 0,
      "ignore" : 0,
      "hidden" : 0,
      "outputPathIsSetByUser" : 0,
      "inputAbbreviatedPath" : "\/lib\/bootstrap\/examples\/screenshots\/navbar.jpg",
      "processed" : 0,
      "outputAbbreviatedPath" : "\/lib\/bootstrap\/examples\/screenshots\/navbar.jpg",
      "initialSize" : 41029,
      "fileType" : 4096
    },
    "\/apple-touch-icon.png" : {
      "ignoreWasSetByUser" : 0,
      "ignore" : 0,
      "hidden" : 0,
      "outputPathIsSetByUser" : 0,
      "inputAbbreviatedPath" : "\/apple-touch-icon.png",
      "processed" : 0,
      "outputAbbreviatedPath" : "\/apple-touch-icon.png",
      "initialSize" : 3948,
      "fileType" : 8192
    },
    "\/lib\/bootstrap\/_includes\/social-buttons.html" : {
      "ignoreWasSetByUser" : 0,
      "ignore" : 0,
      "hidden" : 0,
      "outputPathIsSetByUser" : 0,
      "inputAbbreviatedPath" : "\/lib\/bootstrap\/_includes\/social-buttons.html",
      "outputAbbreviatedPath" : "No Output Path",
      "fileType" : 2048
    },
    "\/lib\/bootstrap\/_includes\/nav-customize.html" : {
      "ignoreWasSetByUser" : 0,
      "ignore" : 0,
      "hidden" : 0,
      "outputPathIsSetByUser" : 0,
      "inputAbbreviatedPath" : "\/lib\/bootstrap\/_includes\/nav-customize.html",
      "outputAbbreviatedPath" : "No Output Path",
      "fileType" : 2048
    },
    "\/lib\/bootstrap\/javascript.html" : {
      "ignoreWasSetByUser" : 0,
      "ignore" : 0,
      "hidden" : 0,
      "outputPathIsSetByUser" : 0,
      "inputAbbreviatedPath" : "\/lib\/bootstrap\/javascript.html",
      "outputAbbreviatedPath" : "No Output Path",
      "fileType" : 2048
    },
    "\/lib\/bootstrap\/examples\/justified-nav\/justified-nav.css" : {
      "ignoreWasSetByUser" : 0,
      "ignore" : 0,
      "hidden" : 0,
      "outputPathIsSetByUser" : 0,
      "inputAbbreviatedPath" : "\/lib\/bootstrap\/examples\/justified-nav\/justified-nav.css",
      "outputAbbreviatedPath" : "No Output Path",
      "fileType" : 16
    },
    "\/lib\/bootstrap\/js\/tests\/unit\/scrollspy.js" : {
      "ignoreWasSetByUser" : 0,
      "ignore" : 0,
      "hidden" : 0,
      "outputPathIsSetByUser" : 0,
      "inputAbbreviatedPath" : "\/lib\/bootstrap\/js\/tests\/unit\/scrollspy.js",
      "outputStyle" : 1,
      "syntaxCheckerStyle" : 1,
      "outputAbbreviatedPath" : "\/lib\/bootstrap\/js\/tests\/unit\/scrollspy-ck.js",
      "fileType" : 64
    },
    "\/lib\/bootstrap\/less\/wells.less" : {
      "ieCompatibility" : 1,
      "inputAbbreviatedPath" : "\/lib\/bootstrap\/less\/wells.less",
      "outputAbbreviatedPath" : "\/lib\/bootstrap\/css\/wells.css",
      "outputPathIsSetByUser" : 0,
      "strictUnits" : 0,
      "relativeURLS" : 0,
      "ignore" : 1,
      "strictImports" : 0,
      "ignoreWasSetByUser" : 0,
      "shouldRunBless" : 0,
      "hidden" : 0,
      "strictMath" : 0,
      "outputStyle" : 0,
      "fileType" : 1,
      "debugStyle" : 0
    },
    "\/lib\/bootstrap\/docs-assets\/ico\/favicon.png" : {
      "ignoreWasSetByUser" : 0,
      "ignore" : 0,
      "hidden" : 0,
      "outputPathIsSetByUser" : 0,
      "inputAbbreviatedPath" : "\/lib\/bootstrap\/docs-assets\/ico\/favicon.png",
      "processed" : 0,
      "outputAbbreviatedPath" : "\/lib\/bootstrap\/docs-assets\/ico\/favicon.png",
      "initialSize" : 887,
      "fileType" : 8192
    },
    "\/css\/impress-demo.css" : {
      "ignoreWasSetByUser" : 0,
      "ignore" : 0,
      "hidden" : 0,
      "outputPathIsSetByUser" : 0,
      "inputAbbreviatedPath" : "\/css\/impress-demo.css",
      "outputAbbreviatedPath" : "No Output Path",
      "fileType" : 16
    },
    "\/lib\/bootstrap\/less\/modals.less" : {
      "ieCompatibility" : 1,
      "inputAbbreviatedPath" : "\/lib\/bootstrap\/less\/modals.less",
      "outputAbbreviatedPath" : "\/lib\/bootstrap\/css\/modals.css",
      "outputPathIsSetByUser" : 0,
      "strictUnits" : 0,
      "relativeURLS" : 0,
      "ignore" : 1,
      "strictImports" : 0,
      "ignoreWasSetByUser" : 0,
      "shouldRunBless" : 0,
      "hidden" : 0,
      "strictMath" : 0,
      "outputStyle" : 0,
      "fileType" : 1,
      "debugStyle" : 0
    },
    "\/lib\/bootstrap\/_includes\/ads.html" : {
      "ignoreWasSetByUser" : 0,
      "ignore" : 0,
      "hidden" : 0,
      "outputPathIsSetByUser" : 0,
      "inputAbbreviatedPath" : "\/lib\/bootstrap\/_includes\/ads.html",
      "outputAbbreviatedPath" : "No Output Path",
      "fileType" : 2048
    },
    "\/lib\/bootstrap\/examples\/screenshots\/grid.jpg" : {
      "ignoreWasSetByUser" : 0,
      "ignore" : 0,
      "hidden" : 0,
      "outputPathIsSetByUser" : 0,
      "inputAbbreviatedPath" : "\/lib\/bootstrap\/examples\/screenshots\/grid.jpg",
      "processed" : 0,
      "outputAbbreviatedPath" : "\/lib\/bootstrap\/examples\/screenshots\/grid.jpg",
      "initialSize" : 100105,
      "fileType" : 4096
    },
    "\/lib\/bootstrap\/js\/scrollspy.js" : {
      "ignoreWasSetByUser" : 0,
      "ignore" : 0,
      "hidden" : 0,
      "outputPathIsSetByUser" : 0,
      "inputAbbreviatedPath" : "\/lib\/bootstrap\/js\/scrollspy.js",
      "outputStyle" : 1,
      "syntaxCheckerStyle" : 1,
      "outputAbbreviatedPath" : "\/lib\/bootstrap\/js\/scrollspy-ck.js",
      "fileType" : 64
    },
    "\/lib\/bootstrap\/examples\/sticky-footer\/sticky-footer.css" : {
      "ignoreWasSetByUser" : 0,
      "ignore" : 0,
      "hidden" : 0,
      "outputPathIsSetByUser" : 0,
      "inputAbbreviatedPath" : "\/lib\/bootstrap\/examples\/sticky-footer\/sticky-footer.css",
      "outputAbbreviatedPath" : "No Output Path",
      "fileType" : 16
    },
    "\/lib\/bootstrap\/less\/mixins.less" : {
      "ieCompatibility" : 1,
      "inputAbbreviatedPath" : "\/lib\/bootstrap\/less\/mixins.less",
      "outputAbbreviatedPath" : "\/lib\/bootstrap\/css\/mixins.css",
      "outputPathIsSetByUser" : 0,
      "strictUnits" : 0,
      "relativeURLS" : 0,
      "ignore" : 1,
      "strictImports" : 0,
      "ignoreWasSetByUser" : 0,
      "shouldRunBless" : 0,
      "hidden" : 0,
      "strictMath" : 0,
      "outputStyle" : 0,
      "fileType" : 1,
      "debugStyle" : 0
    },
    "\/lib\/bootstrap\/js\/tests\/unit\/dropdown.js" : {
      "ignoreWasSetByUser" : 0,
      "ignore" : 0,
      "hidden" : 0,
      "outputPathIsSetByUser" : 0,
      "inputAbbreviatedPath" : "\/lib\/bootstrap\/js\/tests\/unit\/dropdown.js",
      "outputStyle" : 1,
      "syntaxCheckerStyle" : 1,
      "outputAbbreviatedPath" : "\/lib\/bootstrap\/js\/tests\/unit\/dropdown-ck.js",
      "fileType" : 64
    },
    "\/lib\/bootstrap\/examples\/theme\/theme.css" : {
      "ignoreWasSetByUser" : 0,
      "ignore" : 0,
      "hidden" : 0,
      "outputPathIsSetByUser" : 0,
      "inputAbbreviatedPath" : "\/lib\/bootstrap\/examples\/theme\/theme.css",
      "outputAbbreviatedPath" : "No Output Path",
      "fileType" : 16
    },
    "\/lib\/bootstrap\/less\/jumbotron.less" : {
      "ieCompatibility" : 1,
      "inputAbbreviatedPath" : "\/lib\/bootstrap\/less\/jumbotron.less",
      "outputAbbreviatedPath" : "\/lib\/bootstrap\/css\/jumbotron.css",
      "outputPathIsSetByUser" : 0,
      "strictUnits" : 0,
      "relativeURLS" : 0,
      "ignore" : 1,
      "strictImports" : 0,
      "ignoreWasSetByUser" : 0,
      "shouldRunBless" : 0,
      "hidden" : 0,
      "strictMath" : 0,
      "outputStyle" : 0,
      "fileType" : 1,
      "debugStyle" : 0
    },
    "\/lib\/bootstrap\/js\/modal.js" : {
      "ignoreWasSetByUser" : 0,
      "ignore" : 0,
      "hidden" : 0,
      "outputPathIsSetByUser" : 0,
      "inputAbbreviatedPath" : "\/lib\/bootstrap\/js\/modal.js",
      "outputStyle" : 1,
      "syntaxCheckerStyle" : 1,
      "outputAbbreviatedPath" : "\/lib\/bootstrap\/js\/modal-ck.js",
      "fileType" : 64
    },
    "\/lib\/bootstrap\/components.html" : {
      "ignoreWasSetByUser" : 0,
      "ignore" : 0,
      "hidden" : 0,
      "outputPathIsSetByUser" : 0,
      "inputAbbreviatedPath" : "\/lib\/bootstrap\/components.html",
      "outputAbbreviatedPath" : "No Output Path",
      "fileType" : 2048
    },
    "\/lib\/bootstrap\/less\/print.less" : {
      "ieCompatibility" : 1,
      "inputAbbreviatedPath" : "\/lib\/bootstrap\/less\/print.less",
      "outputAbbreviatedPath" : "\/lib\/bootstrap\/css\/print.css",
      "outputPathIsSetByUser" : 0,
      "strictUnits" : 0,
      "relativeURLS" : 0,
      "ignore" : 1,
      "strictImports" : 0,
      "ignoreWasSetByUser" : 0,
      "shouldRunBless" : 0,
      "hidden" : 0,
      "strictMath" : 0,
      "outputStyle" : 0,
      "fileType" : 1,
      "debugStyle" : 0
    },
    "\/lib\/bootstrap\/_includes\/nav-getting-started.html" : {
      "ignoreWasSetByUser" : 0,
      "ignore" : 0,
      "hidden" : 0,
      "outputPathIsSetByUser" : 0,
      "inputAbbreviatedPath" : "\/lib\/bootstrap\/_includes\/nav-getting-started.html",
      "outputAbbreviatedPath" : "No Output Path",
      "fileType" : 2048
    },
    "\/lib\/bootstrap\/js\/tests\/vendor\/jquery.js" : {
      "ignoreWasSetByUser" : 0,
      "ignore" : 0,
      "hidden" : 0,
      "outputPathIsSetByUser" : 0,
      "inputAbbreviatedPath" : "\/lib\/bootstrap\/js\/tests\/vendor\/jquery.js",
      "outputStyle" : 1,
      "syntaxCheckerStyle" : 1,
      "outputAbbreviatedPath" : "\/lib\/bootstrap\/js\/tests\/vendor\/jquery-ck.js",
      "fileType" : 64
    },
    "\/lib\/bootstrap\/less\/normalize.less" : {
      "ieCompatibility" : 1,
      "inputAbbreviatedPath" : "\/lib\/bootstrap\/less\/normalize.less",
      "outputAbbreviatedPath" : "\/lib\/bootstrap\/css\/normalize.css",
      "outputPathIsSetByUser" : 0,
      "strictUnits" : 0,
      "relativeURLS" : 0,
      "ignore" : 1,
      "strictImports" : 0,
      "ignoreWasSetByUser" : 0,
      "shouldRunBless" : 0,
      "hidden" : 0,
      "strictMath" : 0,
      "outputStyle" : 0,
      "fileType" : 1,
      "debugStyle" : 0
    },
    "\/lib\/bootstrap\/docs-assets\/js\/ie8-responsive-file-warning.js" : {
      "ignoreWasSetByUser" : 0,
      "ignore" : 0,
      "hidden" : 0,
      "outputPathIsSetByUser" : 0,
      "inputAbbreviatedPath" : "\/lib\/bootstrap\/docs-assets\/js\/ie8-responsive-file-warning.js",
      "outputStyle" : 1,
      "syntaxCheckerStyle" : 1,
      "outputAbbreviatedPath" : "\/lib\/bootstrap\/docs-assets\/js\/ie8-responsive-file-warning-ck.js",
      "fileType" : 64
    },
    "\/lib\/bootstrap\/js\/tests\/unit\/collapse.js" : {
      "ignoreWasSetByUser" : 0,
      "ignore" : 0,
      "hidden" : 0,
      "outputPathIsSetByUser" : 0,
      "inputAbbreviatedPath" : "\/lib\/bootstrap\/js\/tests\/unit\/collapse.js",
      "outputStyle" : 1,
      "syntaxCheckerStyle" : 1,
      "outputAbbreviatedPath" : "\/lib\/bootstrap\/js\/tests\/unit\/collapse-ck.js",
      "fileType" : 64
    },
    "\/lib\/bootstrap\/js\/popover.js" : {
      "ignoreWasSetByUser" : 0,
      "ignore" : 0,
      "hidden" : 0,
      "outputPathIsSetByUser" : 0,
      "inputAbbreviatedPath" : "\/lib\/bootstrap\/js\/popover.js",
      "outputStyle" : 1,
      "syntaxCheckerStyle" : 1,
      "outputAbbreviatedPath" : "\/lib\/bootstrap\/js\/popover-ck.js",
      "fileType" : 64
    },
    "\/lib\/bootstrap\/examples\/screenshots\/justified-nav.jpg" : {
      "ignoreWasSetByUser" : 0,
      "ignore" : 0,
      "hidden" : 0,
      "outputPathIsSetByUser" : 0,
      "inputAbbreviatedPath" : "\/lib\/bootstrap\/examples\/screenshots\/justified-nav.jpg",
      "processed" : 0,
      "outputAbbreviatedPath" : "\/lib\/bootstrap\/examples\/screenshots\/justified-nav.jpg",
      "initialSize" : 79170,
      "fileType" : 4096
    },
    "\/lib\/bootstrap\/_layouts\/home.html" : {
      "ignoreWasSetByUser" : 0,
      "ignore" : 0,
      "hidden" : 0,
      "outputPathIsSetByUser" : 0,
      "inputAbbreviatedPath" : "\/lib\/bootstrap\/_layouts\/home.html",
      "outputAbbreviatedPath" : "No Output Path",
      "fileType" : 2048
    },
    "\/lib\/bootstrap\/dist\/css\/bootstrap.min.css" : {
      "ignoreWasSetByUser" : 0,
      "ignore" : 0,
      "hidden" : 0,
      "outputPathIsSetByUser" : 0,
      "inputAbbreviatedPath" : "\/lib\/bootstrap\/dist\/css\/bootstrap.min.css",
      "outputAbbreviatedPath" : "No Output Path",
      "fileType" : 16
    },
    "\/lib\/bootstrap\/examples\/navbar\/navbar.css" : {
      "ignoreWasSetByUser" : 0,
      "ignore" : 0,
      "hidden" : 0,
      "outputPathIsSetByUser" : 0,
      "inputAbbreviatedPath" : "\/lib\/bootstrap\/examples\/navbar\/navbar.css",
      "outputAbbreviatedPath" : "No Output Path",
      "fileType" : 16
    },
    "\/lib\/bootstrap\/less\/breadcrumbs.less" : {
      "ieCompatibility" : 1,
      "inputAbbreviatedPath" : "\/lib\/bootstrap\/less\/breadcrumbs.less",
      "outputAbbreviatedPath" : "\/lib\/bootstrap\/css\/breadcrumbs.css",
      "outputPathIsSetByUser" : 0,
      "strictUnits" : 0,
      "relativeURLS" : 0,
      "ignore" : 1,
      "strictImports" : 0,
      "ignoreWasSetByUser" : 0,
      "shouldRunBless" : 0,
      "hidden" : 0,
      "strictMath" : 0,
      "outputStyle" : 0,
      "fileType" : 1,
      "debugStyle" : 0
    },
    "\/lib\/bootstrap\/_includes\/header.html" : {
      "ignoreWasSetByUser" : 0,
      "ignore" : 0,
      "hidden" : 0,
      "outputPathIsSetByUser" : 0,
      "inputAbbreviatedPath" : "\/lib\/bootstrap\/_includes\/header.html",
      "outputAbbreviatedPath" : "No Output Path",
      "fileType" : 2048
    },
    "\/lib\/bootstrap\/_includes\/old-bs-docs.html" : {
      "ignoreWasSetByUser" : 0,
      "ignore" : 0,
      "hidden" : 0,
      "outputPathIsSetByUser" : 0,
      "inputAbbreviatedPath" : "\/lib\/bootstrap\/_includes\/old-bs-docs.html",
      "outputAbbreviatedPath" : "No Output Path",
      "fileType" : 2048
    },
    "\/lib\/bootstrap\/js\/button.js" : {
      "ignoreWasSetByUser" : 0,
      "ignore" : 0,
      "hidden" : 0,
      "outputPathIsSetByUser" : 0,
      "inputAbbreviatedPath" : "\/lib\/bootstrap\/js\/button.js",
      "outputStyle" : 1,
      "syntaxCheckerStyle" : 1,
      "outputAbbreviatedPath" : "\/lib\/bootstrap\/js\/button-ck.js",
      "fileType" : 64
    },
    "\/lib\/bootstrap\/less\/progress-bars.less" : {
      "ieCompatibility" : 1,
      "inputAbbreviatedPath" : "\/lib\/bootstrap\/less\/progress-bars.less",
      "outputAbbreviatedPath" : "\/lib\/bootstrap\/css\/progress-bars.css",
      "outputPathIsSetByUser" : 0,
      "strictUnits" : 0,
      "relativeURLS" : 0,
      "ignore" : 1,
      "strictImports" : 0,
      "ignoreWasSetByUser" : 0,
      "shouldRunBless" : 0,
      "hidden" : 0,
      "strictMath" : 0,
      "outputStyle" : 0,
      "fileType" : 1,
      "debugStyle" : 0
    },
    "\/lib\/bootstrap\/less\/labels.less" : {
      "ieCompatibility" : 1,
      "inputAbbreviatedPath" : "\/lib\/bootstrap\/less\/labels.less",
      "outputAbbreviatedPath" : "\/lib\/bootstrap\/css\/labels.css",
      "outputPathIsSetByUser" : 0,
      "strictUnits" : 0,
      "relativeURLS" : 0,
      "ignore" : 1,
      "strictImports" : 0,
      "ignoreWasSetByUser" : 0,
      "shouldRunBless" : 0,
      "hidden" : 0,
      "strictMath" : 0,
      "outputStyle" : 0,
      "fileType" : 1,
      "debugStyle" : 0
    },
    "\/lib\/bootstrap\/dist\/js\/bootstrap.min.js" : {
      "ignoreWasSetByUser" : 0,
      "ignore" : 0,
      "hidden" : 0,
      "outputPathIsSetByUser" : 0,
      "inputAbbreviatedPath" : "\/lib\/bootstrap\/dist\/js\/bootstrap.min.js",
      "outputStyle" : 1,
      "syntaxCheckerStyle" : 1,
      "outputAbbreviatedPath" : "\/lib\/bootstrap\/dist\/js\/bootstrap.min-ck.js",
      "fileType" : 64
    },
    "\/lib\/bootstrap\/less\/component-animations.less" : {
      "ieCompatibility" : 1,
      "inputAbbreviatedPath" : "\/lib\/bootstrap\/less\/component-animations.less",
      "outputAbbreviatedPath" : "\/lib\/bootstrap\/css\/component-animations.css",
      "outputPathIsSetByUser" : 0,
      "strictUnits" : 0,
      "relativeURLS" : 0,
      "ignore" : 1,
      "strictImports" : 0,
      "ignoreWasSetByUser" : 0,
      "shouldRunBless" : 0,
      "hidden" : 0,
      "strictMath" : 0,
      "outputStyle" : 0,
      "fileType" : 1,
      "debugStyle" : 0
    },
    "\/lib\/bootstrap\/examples\/starter-template\/index.html" : {
      "ignoreWasSetByUser" : 0,
      "ignore" : 0,
      "hidden" : 0,
      "outputPathIsSetByUser" : 0,
      "inputAbbreviatedPath" : "\/lib\/bootstrap\/examples\/starter-template\/index.html",
      "outputAbbreviatedPath" : "No Output Path",
      "fileType" : 2048
    },
    "\/lib\/bootstrap\/examples\/screenshots\/jumbotron.jpg" : {
      "ignoreWasSetByUser" : 0,
      "ignore" : 0,
      "hidden" : 0,
      "outputPathIsSetByUser" : 0,
      "inputAbbreviatedPath" : "\/lib\/bootstrap\/examples\/screenshots\/jumbotron.jpg",
      "processed" : 0,
      "outputAbbreviatedPath" : "\/lib\/bootstrap\/examples\/screenshots\/jumbotron.jpg",
      "initialSize" : 77911,
      "fileType" : 4096
    },
    "\/lib\/bootstrap\/examples\/screenshots\/sign-in.jpg" : {
      "ignoreWasSetByUser" : 0,
      "ignore" : 0,
      "hidden" : 0,
      "outputPathIsSetByUser" : 0,
      "inputAbbreviatedPath" : "\/lib\/bootstrap\/examples\/screenshots\/sign-in.jpg",
      "processed" : 0,
      "outputAbbreviatedPath" : "\/lib\/bootstrap\/examples\/screenshots\/sign-in.jpg",
      "initialSize" : 13648,
      "fileType" : 4096
    },
    "\/lib\/bootstrap\/less\/tables.less" : {
      "ieCompatibility" : 1,
      "inputAbbreviatedPath" : "\/lib\/bootstrap\/less\/tables.less",
      "outputAbbreviatedPath" : "\/lib\/bootstrap\/css\/tables.css",
      "outputPathIsSetByUser" : 0,
      "strictUnits" : 0,
      "relativeURLS" : 0,
      "ignore" : 1,
      "strictImports" : 0,
      "ignoreWasSetByUser" : 0,
      "shouldRunBless" : 0,
      "hidden" : 0,
      "strictMath" : 0,
      "outputStyle" : 0,
      "fileType" : 1,
      "debugStyle" : 0
    },
    "\/lib\/bootstrap\/examples\/screenshots\/navbar-static.jpg" : {
      "ignoreWasSetByUser" : 0,
      "ignore" : 0,
      "hidden" : 0,
      "outputPathIsSetByUser" : 0,
      "inputAbbreviatedPath" : "\/lib\/bootstrap\/examples\/screenshots\/navbar-static.jpg",
      "processed" : 0,
      "outputAbbreviatedPath" : "\/lib\/bootstrap\/examples\/screenshots\/navbar-static.jpg",
      "initialSize" : 39712,
      "fileType" : 4096
    },
    "\/favicon.png" : {
      "ignoreWasSetByUser" : 0,
      "ignore" : 0,
      "hidden" : 0,
      "outputPathIsSetByUser" : 0,
      "inputAbbreviatedPath" : "\/favicon.png",
      "processed" : 0,
      "outputAbbreviatedPath" : "\/favicon.png",
      "initialSize" : 1332,
      "fileType" : 8192
    },
    "\/lib\/bootstrap\/examples\/screenshots\/jumbotron-narrow.jpg" : {
      "ignoreWasSetByUser" : 0,
      "ignore" : 0,
      "hidden" : 0,
      "outputPathIsSetByUser" : 0,
      "inputAbbreviatedPath" : "\/lib\/bootstrap\/examples\/screenshots\/jumbotron-narrow.jpg",
      "processed" : 0,
      "outputAbbreviatedPath" : "\/lib\/bootstrap\/examples\/screenshots\/jumbotron-narrow.jpg",
      "initialSize" : 68675,
      "fileType" : 4096
    },
    "\/lib\/bootstrap\/js\/tests\/unit\/carousel.js" : {
      "ignoreWasSetByUser" : 0,
      "ignore" : 0,
      "hidden" : 0,
      "outputPathIsSetByUser" : 0,
      "inputAbbreviatedPath" : "\/lib\/bootstrap\/js\/tests\/unit\/carousel.js",
      "outputStyle" : 1,
      "syntaxCheckerStyle" : 1,
      "outputAbbreviatedPath" : "\/lib\/bootstrap\/js\/tests\/unit\/carousel-ck.js",
      "fileType" : 64
    },
    "\/lib\/bootstrap\/examples\/grid\/index.html" : {
      "ignoreWasSetByUser" : 0,
      "ignore" : 0,
      "hidden" : 0,
      "outputPathIsSetByUser" : 0,
      "inputAbbreviatedPath" : "\/lib\/bootstrap\/examples\/grid\/index.html",
      "outputAbbreviatedPath" : "No Output Path",
      "fileType" : 2048
    },
    "\/lib\/bootstrap\/examples\/offcanvas\/offcanvas.css" : {
      "ignoreWasSetByUser" : 0,
      "ignore" : 0,
      "hidden" : 0,
      "outputPathIsSetByUser" : 0,
      "inputAbbreviatedPath" : "\/lib\/bootstrap\/examples\/offcanvas\/offcanvas.css",
      "outputAbbreviatedPath" : "No Output Path",
      "fileType" : 16
    },
    "\/lib\/bootstrap\/less\/grid.less" : {
      "ieCompatibility" : 1,
      "inputAbbreviatedPath" : "\/lib\/bootstrap\/less\/grid.less",
      "outputAbbreviatedPath" : "\/lib\/bootstrap\/css\/grid.css",
      "outputPathIsSetByUser" : 0,
      "strictUnits" : 0,
      "relativeURLS" : 0,
      "ignore" : 1,
      "strictImports" : 0,
      "ignoreWasSetByUser" : 0,
      "shouldRunBless" : 0,
      "hidden" : 0,
      "strictMath" : 0,
      "outputStyle" : 0,
      "fileType" : 1,
      "debugStyle" : 0
    },
    "\/lib\/bootstrap\/examples\/screenshots\/carousel.jpg" : {
      "ignoreWasSetByUser" : 0,
      "ignore" : 0,
      "hidden" : 0,
      "outputPathIsSetByUser" : 0,
      "inputAbbreviatedPath" : "\/lib\/bootstrap\/examples\/screenshots\/carousel.jpg",
      "processed" : 0,
      "outputAbbreviatedPath" : "\/lib\/bootstrap\/examples\/screenshots\/carousel.jpg",
      "initialSize" : 82379,
      "fileType" : 4096
    },
    "\/lib\/bootstrap\/js\/tests\/unit\/affix.js" : {
      "ignoreWasSetByUser" : 0,
      "ignore" : 0,
      "hidden" : 0,
      "outputPathIsSetByUser" : 0,
      "inputAbbreviatedPath" : "\/lib\/bootstrap\/js\/tests\/unit\/affix.js",
      "outputStyle" : 1,
      "syntaxCheckerStyle" : 1,
      "outputAbbreviatedPath" : "\/lib\/bootstrap\/js\/tests\/unit\/affix-ck.js",
      "fileType" : 64
    },
    "\/lib\/bootstrap\/examples\/jumbotron-narrow\/index.html" : {
      "ignoreWasSetByUser" : 0,
      "ignore" : 0,
      "hidden" : 0,
      "outputPathIsSetByUser" : 0,
      "inputAbbreviatedPath" : "\/lib\/bootstrap\/examples\/jumbotron-narrow\/index.html",
      "outputAbbreviatedPath" : "No Output Path",
      "fileType" : 2048
    },
    "\/lib\/bootstrap\/less\/variables.less" : {
      "ieCompatibility" : 1,
      "inputAbbreviatedPath" : "\/lib\/bootstrap\/less\/variables.less",
      "outputAbbreviatedPath" : "\/lib\/bootstrap\/css\/variables.css",
      "outputPathIsSetByUser" : 0,
      "strictUnits" : 0,
      "relativeURLS" : 0,
      "ignore" : 1,
      "strictImports" : 0,
      "ignoreWasSetByUser" : 0,
      "shouldRunBless" : 0,
      "hidden" : 0,
      "strictMath" : 0,
      "outputStyle" : 0,
      "fileType" : 1,
      "debugStyle" : 0
    },
    "\/lib\/bootstrap\/examples\/theme\/index.html" : {
      "ignoreWasSetByUser" : 0,
      "ignore" : 0,
      "hidden" : 0,
      "outputPathIsSetByUser" : 0,
      "inputAbbreviatedPath" : "\/lib\/bootstrap\/examples\/theme\/index.html",
      "outputAbbreviatedPath" : "No Output Path",
      "fileType" : 2048
    },
    "\/lib\/bootstrap\/docs-assets\/js\/raw-files.js" : {
      "ignoreWasSetByUser" : 0,
      "ignore" : 0,
      "hidden" : 0,
      "outputPathIsSetByUser" : 0,
      "inputAbbreviatedPath" : "\/lib\/bootstrap\/docs-assets\/js\/raw-files.js",
      "outputStyle" : 1,
      "syntaxCheckerStyle" : 1,
      "outputAbbreviatedPath" : "\/lib\/bootstrap\/docs-assets\/js\/raw-files-ck.js",
      "fileType" : 64
    },
    "\/lib\/bootstrap\/docs-assets\/js\/holder.js" : {
      "ignoreWasSetByUser" : 0,
      "ignore" : 0,
      "hidden" : 0,
      "outputPathIsSetByUser" : 0,
      "inputAbbreviatedPath" : "\/lib\/bootstrap\/docs-assets\/js\/holder.js",
      "outputStyle" : 1,
      "syntaxCheckerStyle" : 1,
      "outputAbbreviatedPath" : "\/lib\/bootstrap\/docs-assets\/js\/holder-ck.js",
      "fileType" : 64
    },
    "\/lib\/bootstrap\/examples\/screenshots\/sticky-footer-navbar.jpg" : {
      "ignoreWasSetByUser" : 0,
      "ignore" : 0,
      "hidden" : 0,
      "outputPathIsSetByUser" : 0,
      "inputAbbreviatedPath" : "\/lib\/bootstrap\/examples\/screenshots\/sticky-footer-navbar.jpg",
      "processed" : 0,
      "outputAbbreviatedPath" : "\/lib\/bootstrap\/examples\/screenshots\/sticky-footer-navbar.jpg",
      "initialSize" : 39387,
      "fileType" : 4096
    },
    "\/lib\/bootstrap\/js\/affix.js" : {
      "ignoreWasSetByUser" : 0,
      "ignore" : 0,
      "hidden" : 0,
      "outputPathIsSetByUser" : 0,
      "inputAbbreviatedPath" : "\/lib\/bootstrap\/js\/affix.js",
      "outputStyle" : 1,
      "syntaxCheckerStyle" : 1,
      "outputAbbreviatedPath" : "\/lib\/bootstrap\/js\/affix-ck.js",
      "fileType" : 64
    },
    "\/lib\/bootstrap\/examples\/sticky-footer-navbar\/sticky-footer-navbar.css" : {
      "ignoreWasSetByUser" : 0,
      "ignore" : 0,
      "hidden" : 0,
      "outputPathIsSetByUser" : 0,
      "inputAbbreviatedPath" : "\/lib\/bootstrap\/examples\/sticky-footer-navbar\/sticky-footer-navbar.css",
      "outputAbbreviatedPath" : "No Output Path",
      "fileType" : 16
    },
    "\/lib\/bootstrap\/examples\/navbar-fixed-top\/navbar-fixed-top.css" : {
      "ignoreWasSetByUser" : 0,
      "ignore" : 0,
      "hidden" : 0,
      "outputPathIsSetByUser" : 0,
      "inputAbbreviatedPath" : "\/lib\/bootstrap\/examples\/navbar-fixed-top\/navbar-fixed-top.css",
      "outputAbbreviatedPath" : "No Output Path",
      "fileType" : 16
    },
    "\/lib\/bootstrap\/about.html" : {
      "ignoreWasSetByUser" : 0,
      "ignore" : 0,
      "hidden" : 0,
      "outputPathIsSetByUser" : 0,
      "inputAbbreviatedPath" : "\/lib\/bootstrap\/about.html",
      "outputAbbreviatedPath" : "No Output Path",
      "fileType" : 2048
    },
    "\/lib\/bootstrap\/less\/responsive-utilities.less" : {
      "ieCompatibility" : 1,
      "inputAbbreviatedPath" : "\/lib\/bootstrap\/less\/responsive-utilities.less",
      "outputAbbreviatedPath" : "\/lib\/bootstrap\/css\/responsive-utilities.css",
      "outputPathIsSetByUser" : 0,
      "strictUnits" : 0,
      "relativeURLS" : 0,
      "ignore" : 1,
      "strictImports" : 0,
      "ignoreWasSetByUser" : 0,
      "shouldRunBless" : 0,
      "hidden" : 0,
      "strictMath" : 0,
      "outputStyle" : 0,
      "fileType" : 1,
      "debugStyle" : 0
    },
    "\/index.html" : {
      "ignoreWasSetByUser" : 0,
      "ignore" : 0,
      "hidden" : 0,
      "outputPathIsSetByUser" : 0,
      "inputAbbreviatedPath" : "\/index.html",
      "outputAbbreviatedPath" : "No Output Path",
      "fileType" : 2048
    },
    "\/lib\/bootstrap\/less\/navbar.less" : {
      "ieCompatibility" : 1,
      "inputAbbreviatedPath" : "\/lib\/bootstrap\/less\/navbar.less",
      "outputAbbreviatedPath" : "\/lib\/bootstrap\/css\/navbar.css",
      "outputPathIsSetByUser" : 0,
      "strictUnits" : 0,
      "relativeURLS" : 0,
      "ignore" : 1,
      "strictImports" : 0,
      "ignoreWasSetByUser" : 0,
      "shouldRunBless" : 0,
      "hidden" : 0,
      "strictMath" : 0,
      "outputStyle" : 0,
      "fileType" : 1,
      "debugStyle" : 0
    },
    "\/lib\/bootstrap\/examples\/justified-nav\/index.html" : {
      "ignoreWasSetByUser" : 0,
      "ignore" : 0,
      "hidden" : 0,
      "outputPathIsSetByUser" : 0,
      "inputAbbreviatedPath" : "\/lib\/bootstrap\/examples\/justified-nav\/index.html",
      "outputAbbreviatedPath" : "No Output Path",
      "fileType" : 2048
    },
    "\/lib\/bootstrap\/_includes\/footer.html" : {
      "ignoreWasSetByUser" : 0,
      "ignore" : 0,
      "hidden" : 0,
      "outputPathIsSetByUser" : 0,
      "inputAbbreviatedPath" : "\/lib\/bootstrap\/_includes\/footer.html",
      "outputAbbreviatedPath" : "No Output Path",
      "fileType" : 2048
    },
    "\/lib\/bootstrap\/less\/bootstrap.less" : {
      "ieCompatibility" : 1,
      "inputAbbreviatedPath" : "\/lib\/bootstrap\/less\/bootstrap.less",
      "outputAbbreviatedPath" : "\/lib\/bootstrap\/css\/bootstrap.css",
      "outputPathIsSetByUser" : 0,
      "strictUnits" : 0,
      "relativeURLS" : 0,
      "ignore" : 0,
      "strictImports" : 0,
      "ignoreWasSetByUser" : 0,
      "shouldRunBless" : 0,
      "hidden" : 0,
      "strictMath" : 0,
      "outputStyle" : 0,
      "fileType" : 1,
      "debugStyle" : 0
    },
    "\/lib\/bootstrap\/examples\/sticky-footer\/index.html" : {
      "ignoreWasSetByUser" : 0,
      "ignore" : 0,
      "hidden" : 0,
      "outputPathIsSetByUser" : 0,
      "inputAbbreviatedPath" : "\/lib\/bootstrap\/examples\/sticky-footer\/index.html",
      "outputAbbreviatedPath" : "No Output Path",
      "fileType" : 2048
    },
    "\/js\/impress.js" : {
      "ignoreWasSetByUser" : 0,
      "ignore" : 0,
      "hidden" : 0,
      "outputPathIsSetByUser" : 0,
      "inputAbbreviatedPath" : "\/js\/impress.js",
      "outputStyle" : 1,
      "syntaxCheckerStyle" : 1,
      "outputAbbreviatedPath" : "\/js\/impress-ck.js",
      "fileType" : 64
    },
    "\/lib\/bootstrap\/docs-assets\/js\/less.js" : {
      "ignoreWasSetByUser" : 0,
      "ignore" : 0,
      "hidden" : 0,
      "outputPathIsSetByUser" : 0,
      "inputAbbreviatedPath" : "\/lib\/bootstrap\/docs-assets\/js\/less.js",
      "outputStyle" : 1,
      "syntaxCheckerStyle" : 1,
      "outputAbbreviatedPath" : "\/lib\/bootstrap\/docs-assets\/js\/less-ck.js",
      "fileType" : 64
    },
    "\/lib\/bootstrap\/docs-assets\/css\/docs.css" : {
      "ignoreWasSetByUser" : 0,
      "ignore" : 0,
      "hidden" : 0,
      "outputPathIsSetByUser" : 0,
      "inputAbbreviatedPath" : "\/lib\/bootstrap\/docs-assets\/css\/docs.css",
      "outputAbbreviatedPath" : "No Output Path",
      "fileType" : 16
    },
    "\/lib\/bootstrap\/docs-assets\/ico\/apple-touch-icon-144-precomposed.png" : {
      "ignoreWasSetByUser" : 0,
      "ignore" : 0,
      "hidden" : 0,
      "outputPathIsSetByUser" : 0,
      "inputAbbreviatedPath" : "\/lib\/bootstrap\/docs-assets\/ico\/apple-touch-icon-144-precomposed.png",
      "processed" : 0,
      "outputAbbreviatedPath" : "\/lib\/bootstrap\/docs-assets\/ico\/apple-touch-icon-144-precomposed.png",
      "initialSize" : 3549,
      "fileType" : 8192
    },
    "\/lib\/bootstrap\/js\/tests\/unit\/tooltip.js" : {
      "ignoreWasSetByUser" : 0,
      "ignore" : 0,
      "hidden" : 0,
      "outputPathIsSetByUser" : 0,
      "inputAbbreviatedPath" : "\/lib\/bootstrap\/js\/tests\/unit\/tooltip.js",
      "outputStyle" : 1,
      "syntaxCheckerStyle" : 1,
      "outputAbbreviatedPath" : "\/lib\/bootstrap\/js\/tests\/unit\/tooltip-ck.js",
      "fileType" : 64
    },
    "\/lib\/bootstrap\/examples\/carousel\/index.html" : {
      "ignoreWasSetByUser" : 0,
      "ignore" : 0,
      "hidden" : 0,
      "outputPathIsSetByUser" : 0,
      "inputAbbreviatedPath" : "\/lib\/bootstrap\/examples\/carousel\/index.html",
      "outputAbbreviatedPath" : "No Output Path",
      "fileType" : 2048
    },
    "\/lib\/bootstrap\/examples\/jumbotron\/jumbotron.css" : {
      "ignoreWasSetByUser" : 0,
      "ignore" : 0,
      "hidden" : 0,
      "outputPathIsSetByUser" : 0,
      "inputAbbreviatedPath" : "\/lib\/bootstrap\/examples\/jumbotron\/jumbotron.css",
      "outputAbbreviatedPath" : "No Output Path",
      "fileType" : 16
    },
    "\/lib\/bootstrap\/examples\/offcanvas\/offcanvas.js" : {
      "ignoreWasSetByUser" : 0,
      "ignore" : 0,
      "hidden" : 0,
      "outputPathIsSetByUser" : 0,
      "inputAbbreviatedPath" : "\/lib\/bootstrap\/examples\/offcanvas\/offcanvas.js",
      "outputStyle" : 1,
      "syntaxCheckerStyle" : 1,
      "outputAbbreviatedPath" : "\/lib\/bootstrap\/examples\/offcanvas\/offcanvas-ck.js",
      "fileType" : 64
    },
    "\/lib\/bootstrap\/_includes\/nav-about.html" : {
      "ignoreWasSetByUser" : 0,
      "ignore" : 0,
      "hidden" : 0,
      "outputPathIsSetByUser" : 0,
      "inputAbbreviatedPath" : "\/lib\/bootstrap\/_includes\/nav-about.html",
      "outputAbbreviatedPath" : "No Output Path",
      "fileType" : 2048
    },
    "\/lib\/bootstrap\/less\/type.less" : {
      "ieCompatibility" : 1,
      "inputAbbreviatedPath" : "\/lib\/bootstrap\/less\/type.less",
      "outputAbbreviatedPath" : "\/lib\/bootstrap\/css\/type.css",
      "outputPathIsSetByUser" : 0,
      "strictUnits" : 0,
      "relativeURLS" : 0,
      "ignore" : 1,
      "strictImports" : 0,
      "ignoreWasSetByUser" : 0,
      "shouldRunBless" : 0,
      "hidden" : 0,
      "strictMath" : 0,
      "outputStyle" : 0,
      "fileType" : 1,
      "debugStyle" : 0
    },
    "\/lib\/bootstrap\/js\/tests\/unit\/tab.js" : {
      "ignoreWasSetByUser" : 0,
      "ignore" : 0,
      "hidden" : 0,
      "outputPathIsSetByUser" : 0,
      "inputAbbreviatedPath" : "\/lib\/bootstrap\/js\/tests\/unit\/tab.js",
      "outputStyle" : 1,
      "syntaxCheckerStyle" : 1,
      "outputAbbreviatedPath" : "\/lib\/bootstrap\/js\/tests\/unit\/tab-ck.js",
      "fileType" : 64
    },
    "\/lib\/bootstrap\/js\/tests\/unit\/button.js" : {
      "ignoreWasSetByUser" : 0,
      "ignore" : 0,
      "hidden" : 0,
      "outputPathIsSetByUser" : 0,
      "inputAbbreviatedPath" : "\/lib\/bootstrap\/js\/tests\/unit\/button.js",
      "outputStyle" : 1,
      "syntaxCheckerStyle" : 1,
      "outputAbbreviatedPath" : "\/lib\/bootstrap\/js\/tests\/unit\/button-ck.js",
      "fileType" : 64
    },
    "\/lib\/bootstrap\/less\/theme.less" : {
      "ieCompatibility" : 1,
      "inputAbbreviatedPath" : "\/lib\/bootstrap\/less\/theme.less",
      "outputAbbreviatedPath" : "\/lib\/bootstrap\/css\/theme.css",
      "outputPathIsSetByUser" : 0,
      "strictUnits" : 0,
      "relativeURLS" : 0,
      "ignore" : 0,
      "strictImports" : 0,
      "ignoreWasSetByUser" : 0,
      "shouldRunBless" : 0,
      "hidden" : 0,
      "strictMath" : 0,
      "outputStyle" : 0,
      "fileType" : 1,
      "debugStyle" : 0
    },
    "\/lib\/bootstrap\/less\/popovers.less" : {
      "ieCompatibility" : 1,
      "inputAbbreviatedPath" : "\/lib\/bootstrap\/less\/popovers.less",
      "outputAbbreviatedPath" : "\/lib\/bootstrap\/css\/popovers.css",
      "outputPathIsSetByUser" : 0,
      "strictUnits" : 0,
      "relativeURLS" : 0,
      "ignore" : 1,
      "strictImports" : 0,
      "ignoreWasSetByUser" : 0,
      "shouldRunBless" : 0,
      "hidden" : 0,
      "strictMath" : 0,
      "outputStyle" : 0,
      "fileType" : 1,
      "debugStyle" : 0
    },
    "\/lib\/bootstrap\/js\/collapse.js" : {
      "ignoreWasSetByUser" : 0,
      "ignore" : 0,
      "hidden" : 0,
      "outputPathIsSetByUser" : 0,
      "inputAbbreviatedPath" : "\/lib\/bootstrap\/js\/collapse.js",
      "outputStyle" : 1,
      "syntaxCheckerStyle" : 1,
      "outputAbbreviatedPath" : "\/lib\/bootstrap\/js\/collapse-ck.js",
      "fileType" : 64
    },
    "\/lib\/bootstrap\/js\/transition.js" : {
      "ignoreWasSetByUser" : 0,
      "ignore" : 0,
      "hidden" : 0,
      "outputPathIsSetByUser" : 0,
      "inputAbbreviatedPath" : "\/lib\/bootstrap\/js\/transition.js",
      "outputStyle" : 1,
      "syntaxCheckerStyle" : 1,
      "outputAbbreviatedPath" : "\/lib\/bootstrap\/js\/transition-ck.js",
      "fileType" : 64
    },
    "\/less\/cn.css" : {
      "ignoreWasSetByUser" : 0,
      "ignore" : 0,
      "hidden" : 0,
      "outputPathIsSetByUser" : 0,
      "inputAbbreviatedPath" : "\/less\/cn.css",
      "outputAbbreviatedPath" : "No Output Path",
      "fileType" : 16
    },
    "\/lib\/bootstrap\/js\/tests\/unit\/transition.js" : {
      "ignoreWasSetByUser" : 0,
      "ignore" : 0,
      "hidden" : 0,
      "outputPathIsSetByUser" : 0,
      "inputAbbreviatedPath" : "\/lib\/bootstrap\/js\/tests\/unit\/transition.js",
      "outputStyle" : 1,
      "syntaxCheckerStyle" : 1,
      "outputAbbreviatedPath" : "\/lib\/bootstrap\/js\/tests\/unit\/transition-ck.js",
      "fileType" : 64
    },
    "\/lib\/bootstrap\/dist\/css\/bootstrap.css" : {
      "ignoreWasSetByUser" : 0,
      "ignore" : 0,
      "hidden" : 0,
      "outputPathIsSetByUser" : 0,
      "inputAbbreviatedPath" : "\/lib\/bootstrap\/dist\/css\/bootstrap.css",
      "outputAbbreviatedPath" : "No Output Path",
      "fileType" : 16
    },
    "\/lib\/bootstrap\/less\/utilities.less" : {
      "ieCompatibility" : 1,
      "inputAbbreviatedPath" : "\/lib\/bootstrap\/less\/utilities.less",
      "outputAbbreviatedPath" : "\/lib\/bootstrap\/css\/utilities.css",
      "outputPathIsSetByUser" : 0,
      "strictUnits" : 0,
      "relativeURLS" : 0,
      "ignore" : 1,
      "strictImports" : 0,
      "ignoreWasSetByUser" : 0,
      "shouldRunBless" : 0,
      "hidden" : 0,
      "strictMath" : 0,
      "outputStyle" : 0,
      "fileType" : 1,
      "debugStyle" : 0
    },
    "\/lib\/bootstrap\/examples\/screenshots\/starter-template.jpg" : {
      "ignoreWasSetByUser" : 0,
      "ignore" : 0,
      "hidden" : 0,
      "outputPathIsSetByUser" : 0,
      "inputAbbreviatedPath" : "\/lib\/bootstrap\/examples\/screenshots\/starter-template.jpg",
      "processed" : 0,
      "outputAbbreviatedPath" : "\/lib\/bootstrap\/examples\/screenshots\/starter-template.jpg",
      "initialSize" : 22620,
      "fileType" : 4096
    },
    "\/lib\/bootstrap\/examples\/jumbotron-narrow\/jumbotron-narrow.css" : {
      "ignoreWasSetByUser" : 0,
      "ignore" : 0,
      "hidden" : 0,
      "outputPathIsSetByUser" : 0,
      "inputAbbreviatedPath" : "\/lib\/bootstrap\/examples\/jumbotron-narrow\/jumbotron-narrow.css",
      "outputAbbreviatedPath" : "No Output Path",
      "fileType" : 16
    },
    "\/lib\/bootstrap\/examples\/jumbotron\/index.html" : {
      "ignoreWasSetByUser" : 0,
      "ignore" : 0,
      "hidden" : 0,
      "outputPathIsSetByUser" : 0,
      "inputAbbreviatedPath" : "\/lib\/bootstrap\/examples\/jumbotron\/index.html",
      "outputAbbreviatedPath" : "No Output Path",
      "fileType" : 2048
    },
    "\/images\/line_grau.png" : {
      "ignoreWasSetByUser" : 0,
      "ignore" : 0,
      "hidden" : 0,
      "outputPathIsSetByUser" : 0,
      "inputAbbreviatedPath" : "\/images\/line_grau.png",
      "processed" : 0,
      "outputAbbreviatedPath" : "\/images\/line_grau.png",
      "initialSize" : 948,
      "fileType" : 8192
    },
    "\/lib\/bootstrap\/less\/input-groups.less" : {
      "ieCompatibility" : 1,
      "inputAbbreviatedPath" : "\/lib\/bootstrap\/less\/input-groups.less",
      "outputAbbreviatedPath" : "\/lib\/bootstrap\/css\/input-groups.css",
      "outputPathIsSetByUser" : 0,
      "strictUnits" : 0,
      "relativeURLS" : 0,
      "ignore" : 1,
      "strictImports" : 0,
      "ignoreWasSetByUser" : 0,
      "shouldRunBless" : 0,
      "hidden" : 0,
      "strictMath" : 0,
      "outputStyle" : 0,
      "fileType" : 1,
      "debugStyle" : 0
    },
    "\/lib\/bootstrap\/less\/buttons.less" : {
      "ieCompatibility" : 1,
      "inputAbbreviatedPath" : "\/lib\/bootstrap\/less\/buttons.less",
      "outputAbbreviatedPath" : "\/lib\/bootstrap\/css\/buttons.css",
      "outputPathIsSetByUser" : 0,
      "strictUnits" : 0,
      "relativeURLS" : 0,
      "ignore" : 1,
      "strictImports" : 0,
      "ignoreWasSetByUser" : 0,
      "shouldRunBless" : 0,
      "hidden" : 0,
      "strictMath" : 0,
      "outputStyle" : 0,
      "fileType" : 1,
      "debugStyle" : 0
    },
    "\/lib\/bootstrap\/js\/dropdown.js" : {
      "ignoreWasSetByUser" : 0,
      "ignore" : 0,
      "hidden" : 0,
      "outputPathIsSetByUser" : 0,
      "inputAbbreviatedPath" : "\/lib\/bootstrap\/js\/dropdown.js",
      "outputStyle" : 1,
      "syntaxCheckerStyle" : 1,
      "outputAbbreviatedPath" : "\/lib\/bootstrap\/js\/dropdown-ck.js",
      "fileType" : 64
    },
    "\/lib\/bootstrap\/dist\/js\/bootstrap.js" : {
      "ignoreWasSetByUser" : 0,
      "ignore" : 0,
      "hidden" : 0,
      "outputPathIsSetByUser" : 0,
      "inputAbbreviatedPath" : "\/lib\/bootstrap\/dist\/js\/bootstrap.js",
      "outputStyle" : 1,
      "syntaxCheckerStyle" : 1,
      "outputAbbreviatedPath" : "\/lib\/bootstrap\/dist\/js\/bootstrap-ck.js",
      "fileType" : 64
    },
    "\/lib\/bootstrap\/examples\/navbar-fixed-top\/index.html" : {
      "ignoreWasSetByUser" : 0,
      "ignore" : 0,
      "hidden" : 0,
      "outputPathIsSetByUser" : 0,
      "inputAbbreviatedPath" : "\/lib\/bootstrap\/examples\/navbar-fixed-top\/index.html",
      "outputAbbreviatedPath" : "No Output Path",
      "fileType" : 2048
    },
    "\/lib\/bootstrap\/examples\/screenshots\/offcanvas.jpg" : {
      "ignoreWasSetByUser" : 0,
      "ignore" : 0,
      "hidden" : 0,
      "outputPathIsSetByUser" : 0,
      "inputAbbreviatedPath" : "\/lib\/bootstrap\/examples\/screenshots\/offcanvas.jpg",
      "processed" : 0,
      "outputAbbreviatedPath" : "\/lib\/bootstrap\/examples\/screenshots\/offcanvas.jpg",
      "initialSize" : 112583,
      "fileType" : 4096
    },
    "\/lib\/bootstrap\/examples\/carousel\/carousel.css" : {
      "ignoreWasSetByUser" : 0,
      "ignore" : 0,
      "hidden" : 0,
      "outputPathIsSetByUser" : 0,
      "inputAbbreviatedPath" : "\/lib\/bootstrap\/examples\/carousel\/carousel.css",
      "outputAbbreviatedPath" : "No Output Path",
      "fileType" : 16
    },
    "\/lib\/bootstrap\/less\/forms.less" : {
      "ieCompatibility" : 1,
      "inputAbbreviatedPath" : "\/lib\/bootstrap\/less\/forms.less",
      "outputAbbreviatedPath" : "\/lib\/bootstrap\/css\/forms.css",
      "outputPathIsSetByUser" : 0,
      "strictUnits" : 0,
      "relativeURLS" : 0,
      "ignore" : 1,
      "strictImports" : 0,
      "ignoreWasSetByUser" : 0,
      "shouldRunBless" : 0,
      "hidden" : 0,
      "strictMath" : 0,
      "outputStyle" : 0,
      "fileType" : 1,
      "debugStyle" : 0
    },
    "\/lib\/bootstrap\/js\/tab.js" : {
      "ignoreWasSetByUser" : 0,
      "ignore" : 0,
      "hidden" : 0,
      "outputPathIsSetByUser" : 0,
      "inputAbbreviatedPath" : "\/lib\/bootstrap\/js\/tab.js",
      "outputStyle" : 1,
      "syntaxCheckerStyle" : 1,
      "outputAbbreviatedPath" : "\/lib\/bootstrap\/js\/tab-ck.js",
      "fileType" : 64
    },
    "\/lib\/bootstrap\/less\/carousel.less" : {
      "ieCompatibility" : 1,
      "inputAbbreviatedPath" : "\/lib\/bootstrap\/less\/carousel.less",
      "outputAbbreviatedPath" : "\/lib\/bootstrap\/css\/carousel.css",
      "outputPathIsSetByUser" : 0,
      "strictUnits" : 0,
      "relativeURLS" : 0,
      "ignore" : 1,
      "strictImports" : 0,
      "ignoreWasSetByUser" : 0,
      "shouldRunBless" : 0,
      "hidden" : 0,
      "strictMath" : 0,
      "outputStyle" : 0,
      "fileType" : 1,
      "debugStyle" : 0
    },
    "\/lib\/bootstrap\/less\/glyphicons.less" : {
      "ieCompatibility" : 1,
      "inputAbbreviatedPath" : "\/lib\/bootstrap\/less\/glyphicons.less",
      "outputAbbreviatedPath" : "\/lib\/bootstrap\/css\/glyphicons.css",
      "outputPathIsSetByUser" : 0,
      "strictUnits" : 0,
      "relativeURLS" : 0,
      "ignore" : 1,
      "strictImports" : 0,
      "ignoreWasSetByUser" : 0,
      "shouldRunBless" : 0,
      "hidden" : 0,
      "strictMath" : 0,
      "outputStyle" : 0,
      "fileType" : 1,
      "debugStyle" : 0
    },
    "\/lib\/bootstrap\/less\/tooltip.less" : {
      "ieCompatibility" : 1,
      "inputAbbreviatedPath" : "\/lib\/bootstrap\/less\/tooltip.less",
      "outputAbbreviatedPath" : "\/lib\/bootstrap\/css\/tooltip.css",
      "outputPathIsSetByUser" : 0,
      "strictUnits" : 0,
      "relativeURLS" : 0,
      "ignore" : 1,
      "strictImports" : 0,
      "ignoreWasSetByUser" : 0,
      "shouldRunBless" : 0,
      "hidden" : 0,
      "strictMath" : 0,
      "outputStyle" : 0,
      "fileType" : 1,
      "debugStyle" : 0
    },
    "\/lib\/bootstrap\/less\/button-groups.less" : {
      "ieCompatibility" : 1,
      "inputAbbreviatedPath" : "\/lib\/bootstrap\/less\/button-groups.less",
      "outputAbbreviatedPath" : "\/lib\/bootstrap\/css\/button-groups.css",
      "outputPathIsSetByUser" : 0,
      "strictUnits" : 0,
      "relativeURLS" : 0,
      "ignore" : 1,
      "strictImports" : 0,
      "ignoreWasSetByUser" : 0,
      "shouldRunBless" : 0,
      "hidden" : 0,
      "strictMath" : 0,
      "outputStyle" : 0,
      "fileType" : 1,
      "debugStyle" : 0
    },
    "\/lib\/bootstrap\/examples\/sticky-footer-navbar\/index.html" : {
      "ignoreWasSetByUser" : 0,
      "ignore" : 0,
      "hidden" : 0,
      "outputPathIsSetByUser" : 0,
      "inputAbbreviatedPath" : "\/lib\/bootstrap\/examples\/sticky-footer-navbar\/index.html",
      "outputAbbreviatedPath" : "No Output Path",
      "fileType" : 2048
    },
    "\/lib\/bootstrap\/examples\/non-responsive\/index.html" : {
      "ignoreWasSetByUser" : 0,
      "ignore" : 0,
      "hidden" : 0,
      "outputPathIsSetByUser" : 0,
      "inputAbbreviatedPath" : "\/lib\/bootstrap\/examples\/non-responsive\/index.html",
      "outputAbbreviatedPath" : "No Output Path",
      "fileType" : 2048
    },
    "\/lib\/bootstrap\/examples\/non-responsive\/non-responsive.css" : {
      "ignoreWasSetByUser" : 0,
      "ignore" : 0,
      "hidden" : 0,
      "outputPathIsSetByUser" : 0,
      "inputAbbreviatedPath" : "\/lib\/bootstrap\/examples\/non-responsive\/non-responsive.css",
      "outputAbbreviatedPath" : "No Output Path",
      "fileType" : 16
    },
    "\/lib\/bootstrap\/docs-assets\/js\/customizer.js" : {
      "ignoreWasSetByUser" : 0,
      "ignore" : 0,
      "hidden" : 0,
      "outputPathIsSetByUser" : 0,
      "inputAbbreviatedPath" : "\/lib\/bootstrap\/docs-assets\/js\/customizer.js",
      "outputStyle" : 1,
      "syntaxCheckerStyle" : 1,
      "outputAbbreviatedPath" : "\/lib\/bootstrap\/docs-assets\/js\/customizer-ck.js",
      "fileType" : 64
    },
    "\/lib\/bootstrap\/Gruntfile.js" : {
      "ignoreWasSetByUser" : 0,
      "ignore" : 0,
      "hidden" : 0,
      "outputPathIsSetByUser" : 0,
      "inputAbbreviatedPath" : "\/lib\/bootstrap\/Gruntfile.js",
      "outputStyle" : 1,
      "syntaxCheckerStyle" : 1,
      "outputAbbreviatedPath" : "\/lib\/bootstrap\/Gruntfile-ck.js",
      "fileType" : 64
    },
    "\/lib\/bootstrap\/js\/tests\/unit\/popover.js" : {
      "ignoreWasSetByUser" : 0,
      "ignore" : 0,
      "hidden" : 0,
      "outputPathIsSetByUser" : 0,
      "inputAbbreviatedPath" : "\/lib\/bootstrap\/js\/tests\/unit\/popover.js",
      "outputStyle" : 1,
      "syntaxCheckerStyle" : 1,
      "outputAbbreviatedPath" : "\/lib\/bootstrap\/js\/tests\/unit\/popover-ck.js",
      "fileType" : 64
    },
    "\/lib\/bootstrap\/docs-assets\/js\/uglify.js" : {
      "ignoreWasSetByUser" : 0,
      "ignore" : 0,
      "hidden" : 0,
      "outputPathIsSetByUser" : 0,
      "inputAbbreviatedPath" : "\/lib\/bootstrap\/docs-assets\/js\/uglify.js",
      "outputStyle" : 1,
      "syntaxCheckerStyle" : 1,
      "outputAbbreviatedPath" : "\/lib\/bootstrap\/docs-assets\/js\/uglify-ck.js",
      "fileType" : 64
    },
    "\/lib\/bootstrap\/customize.html" : {
      "ignoreWasSetByUser" : 0,
      "ignore" : 0,
      "hidden" : 0,
      "outputPathIsSetByUser" : 0,
      "inputAbbreviatedPath" : "\/lib\/bootstrap\/customize.html",
      "outputAbbreviatedPath" : "No Output Path",
      "fileType" : 2048
    },
    "\/lib\/bootstrap\/_includes\/nav-components.html" : {
      "ignoreWasSetByUser" : 0,
      "ignore" : 0,
      "hidden" : 0,
      "outputPathIsSetByUser" : 0,
      "inputAbbreviatedPath" : "\/lib\/bootstrap\/_includes\/nav-components.html",
      "outputAbbreviatedPath" : "No Output Path",
      "fileType" : 2048
    },
    "\/lib\/bootstrap\/less\/badges.less" : {
      "ieCompatibility" : 1,
      "inputAbbreviatedPath" : "\/lib\/bootstrap\/less\/badges.less",
      "outputAbbreviatedPath" : "\/lib\/bootstrap\/css\/badges.css",
      "outputPathIsSetByUser" : 0,
      "strictUnits" : 0,
      "relativeURLS" : 0,
      "ignore" : 1,
      "strictImports" : 0,
      "ignoreWasSetByUser" : 0,
      "shouldRunBless" : 0,
      "hidden" : 0,
      "strictMath" : 0,
      "outputStyle" : 0,
      "fileType" : 1,
      "debugStyle" : 0
    },
    "\/lib\/bootstrap\/_includes\/nav-css.html" : {
      "ignoreWasSetByUser" : 0,
      "ignore" : 0,
      "hidden" : 0,
      "outputPathIsSetByUser" : 0,
      "inputAbbreviatedPath" : "\/lib\/bootstrap\/_includes\/nav-css.html",
      "outputAbbreviatedPath" : "No Output Path",
      "fileType" : 2048
    },
    "\/lib\/bootstrap\/less\/list-group.less" : {
      "ieCompatibility" : 1,
      "inputAbbreviatedPath" : "\/lib\/bootstrap\/less\/list-group.less",
      "outputAbbreviatedPath" : "\/lib\/bootstrap\/css\/list-group.css",
      "outputPathIsSetByUser" : 0,
      "strictUnits" : 0,
      "relativeURLS" : 0,
      "ignore" : 1,
      "strictImports" : 0,
      "ignoreWasSetByUser" : 0,
      "shouldRunBless" : 0,
      "hidden" : 0,
      "strictMath" : 0,
      "outputStyle" : 0,
      "fileType" : 1,
      "debugStyle" : 0
    },
    "\/lib\/bootstrap\/js\/tests\/vendor\/qunit.js" : {
      "ignoreWasSetByUser" : 0,
      "ignore" : 0,
      "hidden" : 0,
      "outputPathIsSetByUser" : 0,
      "inputAbbreviatedPath" : "\/lib\/bootstrap\/js\/tests\/vendor\/qunit.js",
      "outputStyle" : 1,
      "syntaxCheckerStyle" : 1,
      "outputAbbreviatedPath" : "\/lib\/bootstrap\/js\/tests\/vendor\/qunit-ck.js",
      "fileType" : 64
    },
    "\/lib\/bootstrap\/_includes\/nav-javascript.html" : {
      "ignoreWasSetByUser" : 0,
      "ignore" : 0,
      "hidden" : 0,
      "outputPathIsSetByUser" : 0,
      "inputAbbreviatedPath" : "\/lib\/bootstrap\/_includes\/nav-javascript.html",
      "outputAbbreviatedPath" : "No Output Path",
      "fileType" : 2048
    }
  },
  "manualImportLinks" : [

  ],
  "projectSettings" : {
    "hamlNoEscapeInAttributes" : 0,
    "kitAutoOutputPathStyle" : 0,
    "lessOutputStyle" : 0,
    "hamlAutoOutputPathReplace2" : "",
    "draggedImportConcatenationStyle" : 1,
    "jadeAutoOutputPathStyle" : 0,
    "hamlEscapeHTMLCharacters" : 0,
    "javascriptAutoOutputPathStyle" : 0,
    "hamlOutputFormat" : 2,
    "stylusAutoOutputPathReplace1" : "stylus",
    "lessStrictImports" : 0,
    "sassAutoOutputPathStyle" : 2,
    "stylusAutoOutputPathReplace2" : "css",
    "lessAutoOutputPathStyle" : 2,
    "lessIECompatibility" : 1,
    "genericWebpageFileExtensionsString" : "html, htm, shtml, shtm, xhtml, php, jsp, asp, aspx, erb, ctp",
    "lessStrictUnits" : 0,
    "lessStrictMath" : 0,
    "coffeeMinifyOutput" : 1,
    "javascriptOutputSuffix" : "-ck",
    "jadeOutputStyle" : 0,
    "coffeeAutoOutputPathStyle" : 0,
    "autoSyncProjectSettingsFile" : 1,
    "lessAutoOutputPathReplace1" : "less",
    "jadeAutoOutputPathReplace1" : "",
    "lessAutoOutputPathRelativePath" : "..\/css",
    "hamlAutoOutputPathRelativePath" : "",
    "jsCheckerReservedNamesString" : "",
    "javascriptOutputStyle" : 1,
    "stylusDebugStyle" : 0,
    "hamlUseCDATA" : 0,
    "hamlAutoOutputPathStyle" : 0,
    "sassDebugStyle" : 0,
    "hamlOutputStyle" : 0,
    "stylusAutoOutputPathRelativePath" : "..\/css",
    "jsCheckerIndent" : 4,
    "kitAutoOutputPathRelativePath" : "",
    "lessAutoOutputPathReplace2" : "css",
    "jadeAutoOutputPathReplace2" : "",
    "shouldRunBless" : 0,
    "stylusAutoOutputPathStyle" : 2,
    "coffeeCheckOutputStyle" : 0,
    "slimOutputStyle" : 1,
    "javascriptSyntaxCheckerStyle" : 1,
    "sassAutoOutputPathReplace1" : "sass",
    "slimAutoOutputPathReplace1" : "",
    "sassOutputStyle" : 0,
    "coffeeAutoOutputPathRelativePath" : "",
    "slimCompileOnly" : 0,
    "slimLogicless" : 0,
    "uglifyIndent" : 4,
    "jadeAutoOutputPathRelativePath" : "",
    "hamlUseUnixNewlines" : 0,
    "hamlAutoOutputPathReplace1" : "",
    "javascriptAutoOutputPathReplace1" : "",
    "stylusOutputStyle" : 0,
    "javascriptAutoOutputPathReplace2" : "",
    "sassAutoOutputPathRelativePath" : "..\/css",
    "coffeeAutoOutputPathReplace1" : "",
    "hamlUseDoubleQuotes" : 0,
    "coffeeAutoOutputPathReplace2" : "",
    "kitAutoOutputPathReplace1" : "",
    "uglifyReservedNamesString" : "",
    "coffeeOutputStyle" : 0,
    "slimAutoOutputPathRelativePath" : "",
    "jsHintFlags" : {
      "latedef" : 1,
      "newcap" : 1,
      "curly" : 1,
      "trailing" : 1,
      "nonew" : 1,
      "es3" : 0,
      "freeze" : 1,
      "yui" : 0,
      "mootools" : 0,
      "proto" : 0,
      "boss" : 0,
      "funcscope" : 0,
      "jquery" : 1,
      "esnext" : 0,
      "camelcase" : 0,
      "dojo" : 0,
      "strict" : 0,
      "devel" : 0,
      "wsh" : 0,
      "nonstandard" : 0,
      "asi" : 0,
      "moz" : 0,
      "rhino" : 0,
      "smarttabs" : 0,
      "lastsemic" : 0,
      "noempty" : 0,
      "eqnull" : 0,
      "eqeqeq" : 1,
      "couch" : 0,
      "evil" : 0,
      "expr" : 0,
      "immed" : 0,
      "globalstrict" : 0,
      "undef" : 1,
      "iterator" : 0,
      "prototypejs" : 0,
      "noarg" : 1,
      "supernew" : 0,
      "node" : 0,
      "unused" : 1,
      "debug" : 0,
      "bitwise" : 1,
      "notypeof" : 1,
      "white" : 0,
      "browser" : 1,
      "worker" : 0,
      "laxcomma" : 0,
      "multistr" : 0,
      "shadow" : 0,
      "sub" : 0,
      "plusplus" : 0,
      "scripturl" : 0,
      "forin" : 0,
      "loopfunc" : 0,
      "laxbreak" : 0
    },
    "jsLintFlags" : {
      "white" : 0,
      "unparam" : 0,
      "regexp" : 0,
      "nomen" : 0,
      "vars" : 0,
      "sub" : 0,
      "stupid" : 0,
      "continue" : 0,
      "bitwise" : 0,
      "newcap" : 0,
      "sloppy" : 0,
      "closure" : 0,
      "browser" : 1,
      "properties" : 0,
      "plusplus" : 0,
      "debug" : 0,
      "forin" : 0,
      "eqeq" : 0,
      "evil" : 0,
      "node" : 0,
      "rhino" : 0,
      "devel" : 0,
      "ass" : 0
    },
    "uglifyFlags" : {
      "no-mangle-functions" : 0,
      "no-mangle" : 0,
      "no-copyright" : 0,
      "no-dead-code" : 0,
      "inline-script" : 0,
      "ascii" : 0,
      "unsafe" : 0,
      "mangle-toplevel" : 0,
      "no-seqs" : 1,
      "beautify" : 0,
      "lift-vars" : 0,
      "consolidate-primitive-values" : 0,
      "no-squeeze" : 0
    },
    "sassAutoOutputPathReplace2" : "css",
    "slimAutoOutputPathReplace2" : "",
    "jadeCompileDebug" : 1,
    "slimRailsCompatible" : 0,
    "kitAutoOutputPathReplace2" : "",
    "lessRelativeURLS" : 0,
    "lessDebugStyle" : 0,
    "javascriptAutoOutputPathRelativePath" : "",
    "slimAutoOutputPathStyle" : 0
  },
  "projectAttributes" : {
    "bourbonEnabled" : 0,
    "displayValue" : "cn-master",
    "displayValueWasSetByUser" : 0,
    "compassEnabled" : 0
  }
}